原片材质,原片序号,产品id,产品x坐标,产品y坐标,产品x方向长度,产品y方向长度
mixed,0,36160,0.0,0.0,578.0,1180.0
mixed,0,35906,578.0,0.0,598.0,1168.0
mixed,0,35706,1176.0,0.0,378.0,1160.0
mixed,0,36022,1554.0,0.0,357.0,1162.0
mixed,0,35716,1911.0,0.0,48.0,1163.0
mixed,0,35642,1959.0,0.0,377.0,1148.0
mixed,0,36163,0.0,1180.0,2402.0,38.0
mixed,1,35649,0.0,0.0,487.0,1132.0
mixed,1,36216,487.0,0.0,487.0,1132.0
mixed,1,35587,974.0,0.0,387.0,1122.0
mixed,1,35949,1361.0,0.0,377.0,1120.0
mixed,1,36231,1738.0,0.0,302.0,1127.0
mixed,1,35957,2040.0,0.0,297.0,1097.0
mixed,1,35691,2337.0,0.0,83.0,1072.0
mixed,1,35867,0.0,1132.0,2158.0,58.0
mixed,2,35558,0.0,0.0,538.0,1113.0
mixed,2,35631,538.0,0.0,394.5,1090.0
mixed,2,36033,932.5,0.0,294.0,1088.0
mixed,2,35952,1226.5,0.0,131.5,1060.0
mixed,2,35601,1358.0,0.0,58.0,1060.0
mixed,2,36112,1416.0,0.0,858.0,1007.0
mixed,2,35916,0.0,1113.0,1557.5,58.0
mixed,2,35565,0.0,1171.0,1319.5,48.0
mixed,3,36128,0.0,0.0,661.5,1023.0
mixed,3,35768,661.5,0.0,549.0,1028.5
mixed,3,35795,1210.5,0.0,549.0,1028.5
mixed,3,35612,1759.5,0.0,530.0,1027.5
mixed,3,36189,0.0,1028.5,48.0,175.0
mixed,3,35767,48.0,1028.5,2178.0,173.0
mixed,4,35811,0.0,0.0,1901.0,998.0
mixed,4,36162,1901.0,0.0,408.0,997.0
mixed,4,35885,2309.0,0.0,38.0,998.0
mixed,4,35999,0.0,998.0,48.0,221.0
mixed,5,35927,0.0,0.0,512.0,991.0
mixed,5,35920,512.0,0.0,880.0,962.0
mixed,5,35822,1392.0,0.0,447.0,941.0
mixed,5,36154,1839.0,0.0,447.0,941.0
mixed,5,35889,0.0,991.0,48.0,201.0
mixed,5,36312,48.0,991.0,48.0,201.0
mixed,6,35806,0.0,0.0,470.0,978.0
mixed,6,36201,470.0,0.0,410.0,980.0
mixed,6,36305,880.0,0.0,394.0,978.0
mixed,6,35903,1274.0,0.0,383.0,969.0
mixed,6,35605,1657.0,0.0,380.0,978.0
mixed,6,35709,2037.0,0.0,380.0,978.0
mixed,6,35889,0.0,980.0,48.0,201.0
mixed,6,35794,0.0,1181.0,2398.0,38.0
mixed,7,36296,0.0,0.0,1931.0,978.0
mixed,7,35625,1931.0,0.0,480.0,974.0
mixed,7,36312,0.0,978.0,48.0,201.0
mixed,8,35981,0.0,0.0,1863.0,981.0
mixed,8,35996,1863.0,0.0,548.0,978.0
mixed,8,35999,0.0,981.0,48.0,221.0
mixed,9,35909,0.0,0.0,880.0,970.0
mixed,9,35978,880.0,0.0,868.0,973.0
mixed,9,35557,1748.0,0.0,579.0,972.0
mixed,9,35721,2327.0,0.0,58.0,972.0
mixed,9,36312,0.0,973.0,48.0,201.0
mixed,10,35736,0.0,0.0,380.0,978.0
mixed,10,35917,380.0,0.0,380.0,978.0
mixed,10,36059,760.0,0.0,358.0,969.0
mixed,10,36086,1118.0,0.0,358.0,969.0
mixed,10,35589,1476.0,0.0,343.5,984.0
mixed,10,36146,1819.5,0.0,343.0,973.0
mixed,10,36140,2162.5,0.0,58.0,972.0
mixed,10,35946,2220.5,0.0,58.0,978.0
mixed,10,35579,2278.5,0.0,58.0,981.0
mixed,10,35889,0.0,984.0,48.0,201.0
mixed,11,36079,0.0,0.0,1951.0,951.0
mixed,11,35853,1951.0,0.0,422.0,950.0
mixed,11,35756,2373.0,0.0,58.0,947.0
mixed,11,35999,0.0,951.0,48.0,221.0
mixed,12,36245,0.0,0.0,1951.0,951.0
mixed,12,35936,1951.0,0.0,298.0,936.0
mixed,12,35941,0.0,951.0,227.5,241.0
mixed,13,35752,0.0,0.0,607.0,951.0
mixed,13,36176,607.0,0.0,607.0,951.0
mixed,13,35698,1214.0,0.0,509.5,947.0
mixed,13,35801,1723.5,0.0,147.0,925.0
mixed,13,36089,1870.5,0.0,130.0,927.0
mixed,13,36056,2000.5,0.0,128.0,924.0
mixed,13,35644,2128.5,0.0,58.0,925.0
mixed,13,36155,2186.5,0.0,58.0,925.0
mixed,14,36145,0.0,0.0,752.0,907.0
mixed,14,36049,752.0,0.0,549.0,904.0
mixed,14,35591,1301.0,0.0,308.0,909.5
mixed,14,35738,1609.0,0.0,678.0,785.0
mixed,14,35961,0.0,909.5,298.0,308.0
mixed,14,35739,298.0,909.5,277.5,306.0
mixed,14,35786,575.5,909.5,277.5,306.0
mixed,14,35898,853.0,909.5,38.0,307.0
mixed,14,36149,891.0,909.5,297.0,299.5
mixed,14,35845,1188.0,909.5,1242.0,275.0
mixed,15,36233,0.0,0.0,718.0,890.0
mixed,15,36104,718.0,0.0,575.0,894.0
mixed,15,35720,1293.0,0.0,556.0,894.0
mixed,15,35725,1849.0,0.0,498.0,898.0
mixed,15,35622,2347.0,0.0,58.0,888.0
mixed,15,35666,0.0,898.0,1610.0,318.0
mixed,15,36218,1610.0,898.0,288.0,318.0
mixed,15,35787,1898.0,898.0,88.0,318.0
mixed,15,35922,1986.0,898.0,132.5,303.0
mixed,15,35668,2118.5,898.0,92.5,303.0
mixed,15,35569,2211.0,898.0,58.0,302.0
mixed,16,35887,0.0,0.0,472.0,894.5
mixed,16,35974,472.0,0.0,427.0,890.0
mixed,16,35775,899.0,0.0,389.5,889.0
mixed,16,35846,1288.5,0.0,58.0,894.0
mixed,16,35561,1346.5,0.0,38.0,890.0
mixed,16,35773,1384.5,0.0,235.0,880.0
mixed,16,36220,1619.5,0.0,235.0,860.0
mixed,16,35679,1854.5,0.0,300.0,648.0
mixed,16,36074,0.0,898.0,1610.0,318.0
mixed,16,35844,1610.0,898.0,298.0,311.0
mixed,16,36085,1908.0,898.0,297.0,312.0
mixed,17,36280,0.0,0.0,798.0,871.0
mixed,17,35901,798.0,0.0,560.0,875.0
mixed,17,36102,1358.0,0.0,559.0,873.0
mixed,17,35894,1917.0,0.0,518.0,876.0
mixed,17,35790,0.0,882.0,1258.0,338.0
mixed,17,35918,1258.0,882.0,298.0,338.0
mixed,17,35753,1556.0,882.0,198.0,338.0
mixed,17,35803,1754.0,882.0,158.0,338.0
mixed,17,35955,1912.0,882.0,158.0,338.0
mixed,17,35995,2070.0,882.0,158.0,338.0
mixed,17,36240,2228.0,882.0,158.0,338.0
mixed,18,36156,0.0,0.0,549.0,871.0
mixed,18,35896,549.0,0.0,530.0,870.0
mixed,18,36179,1079.0,0.0,504.5,871.0
mixed,18,35713,1583.5,0.0,327.0,882.0
mixed,18,36182,1910.5,0.0,268.0,868.0
mixed,18,36306,2178.5,0.0,254.0,881.0
mixed,18,35564,0.0,882.0,118.0,338.0
mixed,18,36257,118.0,882.0,118.0,338.0
mixed,18,35658,236.0,882.0,78.0,338.0
mixed,18,35723,314.0,882.0,78.0,338.0
mixed,18,35774,392.0,882.0,78.0,338.0
mixed,18,36114,470.0,882.0,78.0,338.0
mixed,18,36232,548.0,882.0,1381.0,327.0
mixed,19,35560,0.0,0.0,1441.5,881.0
mixed,19,36284,1441.5,0.0,811.0,881.0
mixed,19,35676,2252.5,0.0,58.0,871.0
mixed,19,35690,2310.5,0.0,58.0,882.0
mixed,19,36031,0.0,882.0,306.5,331.0
mixed,19,36247,306.5,882.0,1398.0,328.0
mixed,20,35624,0.0,0.0,556.0,872.0
mixed,20,35650,556.0,0.0,556.0,872.0
mixed,20,35905,1112.0,0.0,556.0,882.0
mixed,20,35665,1668.0,0.0,553.0,869.0
mixed,20,36243,0.0,882.0,1662.0,329.0
mixed,20,36258,1662.0,882.0,322.0,329.0
mixed,20,35629,1984.0,882.0,233.0,328.0
mixed,20,35729,2217.0,882.0,92.5,326.5
mixed,21,35780,0.0,0.0,540.0,858.0
mixed,21,35972,540.0,0.0,520.0,858.0
mixed,21,35727,1060.0,0.0,393.0,857.0
mixed,21,36135,1453.0,0.0,361.0,858.0
mixed,21,35571,1814.0,0.0,235.0,860.0
mixed,21,35872,2049.0,0.0,235.0,860.0
mixed,21,36238,2284.0,0.0,83.0,858.0
mixed,21,35610,2367.0,0.0,58.0,860.0
mixed,21,35692,0.0,862.0,2140.5,357.0
mixed,21,35886,2140.5,862.0,158.0,353.0
mixed,21,36088,2298.5,862.0,58.0,355.0
mixed,21,36295,2356.5,862.0,58.0,355.0
mixed,22,36038,0.0,0.0,579.0,858.0
mixed,22,35899,579.0,0.0,579.0,862.0
mixed,22,35710,1158.0,0.0,548.0,858.0
mixed,22,35836,1706.0,0.0,548.0,858.0
mixed,22,36194,0.0,862.0,2385.0,358.0
mixed,23,35825,0.0,0.0,1911.0,846.0
mixed,23,35614,1911.0,0.0,429.5,845.0
mixed,23,36118,2340.5,0.0,58.0,842.0
mixed,23,35687,0.0,851.0,1576.0,362.0
mixed,23,36127,1576.0,851.0,330.5,361.0
mixed,23,35935,1906.5,851.0,282.5,361.4
mixed,23,36153,2189.0,851.0,210.5,361.0
mixed,24,35992,0.0,0.0,1703.0,842.0
mixed,24,35635,1703.0,0.0,577.0,851.0
mixed,24,36095,2280.0,0.0,58.0,851.0
mixed,24,36171,2338.0,0.0,55.0,847.0
mixed,24,35882,0.0,851.0,339.0,354.0
mixed,24,35570,339.0,851.0,324.0,358.0
mixed,24,36009,663.0,851.0,153.0,356.0
mixed,24,35585,816.0,851.0,1223.0,327.0
mixed,25,36256,0.0,0.0,557.0,845.0
mixed,25,36035,557.0,0.0,556.0,850.0
mixed,25,35746,1113.0,0.0,408.0,841.0
mixed,25,35913,1521.0,0.0,353.0,844.5
mixed,25,36264,1874.0,0.0,218.0,797.0
mixed,25,36139,2092.0,0.0,118.0,798.0
mixed,25,36105,0.0,851.0,1381.0,327.0
mixed,25,35794,0.0,1180.0,2398.0,38.0
mixed,26,36209,0.0,0.0,1961.0,832.0
mixed,26,35823,1961.0,0.0,238.0,829.0
mixed,26,35684,2199.0,0.0,238.0,831.0
mixed,26,36007,0.0,835.0,329.0,382.0
mixed,26,36269,329.0,835.0,329.0,382.0
mixed,26,35870,658.0,835.0,323.0,377.0
mixed,26,35924,981.0,835.0,323.0,377.0
mixed,26,35830,1304.0,835.0,310.0,381.0
mixed,26,35878,1614.0,835.0,310.0,381.0
mixed,26,36006,1924.0,835.0,310.0,381.0
mixed,26,35771,2234.0,835.0,178.0,378.0
mixed,27,35908,0.0,0.0,804.0,830.0
mixed,27,36109,804.0,0.0,536.0,830.0
mixed,27,36270,1340.0,0.0,525.0,835.0
mixed,27,36251,1865.0,0.0,58.0,830.0
mixed,27,36287,1923.0,0.0,58.0,832.0
mixed,27,35857,1981.0,0.0,438.0,805.0
mixed,27,35948,0.0,835.0,2276.0,382.0
mixed,27,35575,2276.0,835.0,58.0,381.0
mixed,27,35982,2334.0,835.0,58.0,381.0
mixed,27,35841,2392.0,835.0,48.0,364.0
mixed,28,36130,0.0,0.0,558.0,820.0
mixed,28,35835,558.0,0.0,556.0,820.0
mixed,28,35613,1114.0,0.0,430.0,821.0
mixed,28,35884,1544.0,0.0,309.5,820.0
mixed,28,35616,1853.5,0.0,257.0,822.0
mixed,28,35667,2110.5,0.0,257.0,822.0
mixed,28,35607,2367.5,0.0,58.0,821.0
mixed,28,35880,0.0,822.0,1998.0,398.0
mixed,28,36205,1998.0,822.0,388.0,398.0
mixed,28,35852,2386.0,822.0,52.5,396.5
mixed,29,35554,0.0,0.0,579.0,821.0
mixed,29,35714,579.0,0.0,577.0,821.0
mixed,29,36253,1156.0,0.0,577.0,821.0
mixed,29,35555,1733.0,0.0,560.0,821.0
mixed,29,35672,2293.0,0.0,58.0,821.0
mixed,29,36236,2351.0,0.0,58.0,821.0
mixed,29,35737,0.0,822.0,2369.0,392.0
mixed,29,35577,2369.0,822.0,58.0,398.0
mixed,30,35989,0.0,0.0,2285.0,821.0
mixed,30,36262,2285.0,0.0,58.0,821.0
mixed,30,36310,2343.0,0.0,58.0,821.0
mixed,30,36202,0.0,822.0,1963.5,395.0
mixed,30,35653,1963.5,822.0,368.3,394.0
mixed,31,36027,0.0,0.0,2285.0,821.0
mixed,31,36309,0.0,822.0,1963.5,395.0
mixed,31,35980,1963.5,822.0,368.3,394.0
mixed,32,35626,0.0,0.0,489.5,811.0
mixed,32,36101,489.5,0.0,480.0,811.0
mixed,32,36124,969.5,0.0,480.0,811.0
mixed,32,36158,1449.5,0.0,457.0,806.0
mixed,32,35620,1906.5,0.0,439.0,804.0
mixed,32,36073,2345.5,0.0,58.0,811.0
mixed,32,35861,0.0,815.0,368.0,398.0
mixed,32,36227,368.0,815.0,355.0,391.0
mixed,32,35892,723.0,815.0,308.0,397.0
mixed,32,36047,1031.0,815.0,261.0,397.0
mixed,32,35755,1292.0,815.0,156.0,393.0
mixed,32,36294,1448.0,815.0,354.0,372.0
mixed,32,35914,1802.0,815.0,302.0,372.0
mixed,32,35747,2104.0,815.0,244.5,372.0
mixed,33,35641,0.0,0.0,699.0,811.0
mixed,33,36246,699.0,0.0,699.0,811.0
mixed,33,35592,1398.0,0.0,610.0,811.0
mixed,33,36304,2008.0,0.0,257.0,804.0
mixed,33,36052,2265.0,0.0,132.5,803.0
mixed,33,35923,0.0,815.0,1494.0,387.0
mixed,33,36242,1494.0,815.0,340.0,389.0
mixed,33,35567,1834.0,815.0,304.0,389.0
mixed,33,35669,2138.0,815.0,118.0,388.0
mixed,33,35772,2256.0,815.0,78.0,388.0
mixed,33,35800,2334.0,815.0,78.0,388.0
mixed,34,36181,0.0,0.0,577.0,805.0
mixed,34,35837,577.0,0.0,577.0,811.0
mixed,34,35931,1154.0,0.0,577.0,811.0
mixed,34,36030,1731.0,0.0,577.0,811.0
mixed,34,36167,2308.0,0.0,58.0,811.0
mixed,34,35933,0.0,815.0,2371.5,387.0
mixed,35,36157,0.0,0.0,577.0,811.0
mixed,35,35694,577.0,0.0,558.0,810.0
mixed,35,35783,1135.0,0.0,539.0,815.0
mixed,35,35578,1674.0,0.0,537.0,811.0
mixed,35,36152,0.0,815.0,78.0,388.0
mixed,35,36271,78.0,815.0,78.0,388.0
mixed,35,36036,156.0,815.0,1812.0,375.0
mixed,36,35609,0.0,0.0,575.0,791.0
mixed,36,35798,575.0,0.0,536.0,794.3
mixed,36,36195,1111.0,0.0,379.0,798.0
mixed,36,36214,1490.0,0.0,359.5,797.0
mixed,36,35562,1849.5,0.0,321.0,798.0
mixed,36,36078,2170.5,0.0,248.0,798.0
mixed,36,36186,0.0,798.0,2035.5,416.5
mixed,36,35643,2035.5,798.0,401.5,410.0
mixed,37,36212,0.0,0.0,1961.0,794.0
mixed,37,36222,1961.0,0.0,428.0,793.0
mixed,37,35855,0.0,798.0,2034.0,415.0
mixed,37,35731,2034.0,798.0,401.0,410.0
mixed,38,35973,0.0,0.0,580.0,780.0
mixed,38,36217,580.0,0.0,560.0,780.0
mixed,38,36196,1140.0,0.0,323.0,775.0
mixed,38,36252,1463.0,0.0,58.0,777.0
mixed,38,35993,1521.0,0.0,489.0,759.0
mixed,38,35859,2010.0,0.0,425.0,764.0
mixed,38,35615,0.0,780.0,2361.0,435.0
mixed,38,35701,2361.0,780.0,38.0,435.0
mixed,38,35758,2399.0,780.0,38.0,435.0
mixed,39,35766,0.0,0.0,641.0,771.0
mixed,39,36024,641.0,0.0,641.0,771.0
mixed,39,35748,1282.0,0.0,279.5,771.0
mixed,39,35832,1561.5,0.0,383.3,684.5
mixed,39,35757,1944.8,0.0,382.8,684.5
mixed,39,35600,0.0,771.0,2001.0,438.0
mixed,39,36282,2001.0,771.0,439.0,446.0
mixed,40,35983,0.0,0.0,1498.0,760.0
mixed,40,36123,1498.0,0.0,546.0,762.0
mixed,40,35559,2044.0,0.0,48.0,766.0
mixed,40,35970,2092.0,0.0,218.0,736.0
mixed,40,35919,0.0,766.0,58.0,450.5
mixed,40,36250,58.0,766.0,198.0,438.0
mixed,40,35769,256.0,766.0,194.0,442.0
mixed,40,35566,450.0,766.0,158.0,438.0
mixed,40,35876,608.0,766.0,158.0,438.0
mixed,40,35962,766.0,766.0,158.0,438.0
mixed,40,35967,924.0,766.0,158.0,438.0
mixed,40,36032,1082.0,766.0,158.0,438.0
mixed,40,36260,1240.0,766.0,158.0,438.0
mixed,40,35848,1398.0,766.0,132.5,445.0
mixed,40,35724,1530.5,766.0,118.0,438.0
mixed,40,36265,1648.5,766.0,78.0,438.0
mixed,40,36276,1726.5,766.0,78.0,438.0
mixed,40,36291,1804.5,766.0,58.0,438.0
mixed,40,36300,1862.5,766.0,58.0,440.5
mixed,40,35652,1920.5,766.0,48.0,444.0
mixed,40,35779,1968.5,766.0,48.0,444.0
mixed,41,35904,0.0,0.0,2021.0,750.0
mixed,41,35683,2021.0,0.0,410.0,755.0
mixed,41,35633,0.0,755.0,444.0,445.0
mixed,41,36048,444.0,755.0,444.0,445.0
mixed,41,36184,888.0,755.0,411.0,439.0
mixed,41,36121,1299.0,755.0,404.0,439.0
mixed,41,35969,1703.0,755.0,403.0,447.0
mixed,41,36116,2106.0,755.0,276.0,439.0
mixed,41,35815,2382.0,755.0,58.0,438.0
mixed,42,36285,0.0,0.0,548.0,748.0
mixed,42,35648,548.0,0.0,480.0,750.0
mixed,42,36068,1028.0,0.0,410.0,755.0
mixed,42,35932,1438.0,0.0,392.0,748.0
mixed,42,35839,1830.0,0.0,353.0,752.0
mixed,42,35597,2183.0,0.0,148.0,750.0
mixed,42,35777,0.0,755.0,2034.0,445.0
mixed,42,36039,2034.0,755.0,404.0,439.0
mixed,43,35842,0.0,0.0,330.0,748.0
mixed,43,35707,330.0,0.0,329.0,750.0
mixed,43,35677,659.0,0.0,280.0,748.0
mixed,43,35864,939.0,0.0,280.0,748.0
mixed,43,36226,1219.0,0.0,280.0,748.0
mixed,43,36044,1499.0,0.0,494.5,725.5
mixed,43,36029,1993.5,0.0,58.0,722.0
mixed,43,36308,2051.5,0.0,380.0,688.0
mixed,43,35651,0.0,755.0,2329.0,446.0
mixed,43,36301,2329.0,755.0,108.6,444.5
mixed,44,36298,0.0,0.0,1547.0,734.0
mixed,44,36229,1547.0,0.0,577.0,734.0
mixed,44,36020,2124.0,0.0,310.0,740.0
mixed,44,35929,0.0,742.0,1839.5,472.0
mixed,44,35963,1839.5,742.0,471.0,472.0
mixed,44,35735,2310.5,742.0,58.0,474.0
mixed,45,36096,0.0,0.0,528.0,733.0
mixed,45,35789,528.0,0.0,497.0,730.0
mixed,45,35722,1025.0,0.0,480.0,741.0
mixed,45,35968,1505.0,0.0,358.0,742.0
mixed,45,36019,1863.0,0.0,329.0,741.0
mixed,45,35921,2192.0,0.0,218.0,736.0
mixed,45,35663,0.0,742.0,1797.0,471.0
mixed,45,36255,1797.0,742.0,468.5,472.0
mixed,46,35623,0.0,0.0,2021.0,741.0
mixed,46,35891,2021.0,0.0,385.0,738.0
mixed,46,35915,0.0,742.0,430.0,474.0
mixed,46,35572,430.0,742.0,391.0,470.0
mixed,46,36204,821.0,742.0,375.0,472.0
mixed,46,35824,1196.0,742.0,310.0,471.0
mixed,46,36043,1506.0,742.0,310.0,471.0
mixed,46,36299,1816.0,742.0,268.0,471.0
mixed,47,36134,0.0,0.0,2021.0,741.0
mixed,47,35994,2021.0,0.0,361.0,737.0
mixed,47,36248,0.0,742.0,2377.0,464.5
mixed,47,36097,2377.0,742.0,58.0,462.0
mixed,48,36081,0.0,0.0,1978.0,700.0
mixed,48,35745,1978.0,0.0,460.0,698.0
mixed,48,35675,0.0,716.0,1900.0,477.0
mixed,48,36266,1900.0,716.0,480.0,481.0
mixed,48,36053,2380.0,716.0,58.0,482.0
mixed,49,35888,0.0,0.0,658.0,715.0
mixed,49,35833,658.0,0.0,538.0,704.0
mixed,49,35697,1196.0,0.0,476.0,704.0
mixed,49,35708,1672.0,0.0,395.0,695.5
mixed,49,35984,2067.0,0.0,368.3,714.0
mixed,49,35907,0.0,716.0,2304.0,476.5
mixed,49,36093,2304.0,716.0,121.5,483.5
mixed,50,36090,0.0,0.0,1738.5,704.0
mixed,50,35851,1738.5,0.0,684.0,711.0
mixed,50,35744,0.0,716.0,480.0,482.0
mixed,50,35751,480.0,716.0,472.5,486.5
mixed,50,35881,952.5,716.0,456.0,489.0
mixed,50,35733,1408.5,716.0,431.0,479.5
mixed,50,36190,1839.5,716.0,427.0,485.0
mixed,50,36000,2266.5,716.0,158.0,488.0
mixed,51,35834,0.0,0.0,395.0,695.5
mixed,51,35858,395.0,0.0,360.0,701.0
mixed,51,35638,755.0,0.0,358.0,707.0
mixed,51,36211,1113.0,0.0,326.0,706.0
mixed,51,35804,1439.0,0.0,281.5,703.0
mixed,51,35681,1720.5,0.0,281.5,712.0
mixed,51,35762,2002.0,0.0,215.0,710.5
mixed,51,36100,2217.0,0.0,58.0,707.0
mixed,51,35717,2275.0,0.0,58.0,716.0
mixed,51,36026,0.0,716.0,421.0,486.5
mixed,51,36168,421.0,716.0,417.0,479.5
mixed,51,36075,838.0,716.0,415.5,488.0
mixed,51,35741,1253.5,716.0,408.0,484.0
mixed,51,36110,1661.5,716.0,389.0,478.5
mixed,51,35590,2050.5,716.0,367.5,480.0
mixed,52,35809,0.0,0.0,483.5,678.0
mixed,52,36147,483.5,0.0,349.0,675.0
mixed,52,35618,832.5,0.0,348.5,675.0
mixed,52,35705,1181.0,0.0,58.0,679.0
mixed,52,35865,1239.0,0.0,38.0,675.0
mixed,52,35689,1277.0,0.0,290.0,667.0
mixed,52,36011,1567.0,0.0,132.5,664.0
mixed,52,35979,1699.5,0.0,172.5,657.0
mixed,52,35928,1872.0,0.0,172.5,653.5
mixed,52,36273,2044.5,0.0,172.5,653.6
mixed,52,35827,0.0,679.0,1721.5,519.5
mixed,52,35988,1721.5,679.0,501.5,520.0
mixed,52,36014,2223.0,679.0,126.5,523.0
mixed,53,35781,0.0,0.0,560.0,667.0
mixed,53,35975,560.0,0.0,443.0,668.0
mixed,53,36005,1003.0,0.0,402.0,668.5
mixed,53,35893,1405.0,0.0,358.0,661.0
mixed,53,35808,1763.0,0.0,358.0,661.5
mixed,53,36249,2121.0,0.0,308.5,661.0
mixed,53,36193,0.0,668.5,463.5,520.0
mixed,53,35583,463.5,668.5,453.0,515.0
mixed,53,36164,916.5,668.5,447.0,518.0
mixed,53,35718,1363.5,668.5,417.0,516.5
mixed,53,35977,1780.5,668.5,257.0,522.0
mixed,53,35838,2037.5,668.5,111.5,523.5
mixed,54,35776,0.0,0.0,2383.0,648.0
mixed,54,36129,2383.0,0.0,38.0,647.0
mixed,54,35997,0.0,648.0,2348.0,570.0
mixed,54,35788,2348.0,648.0,38.0,567.0
mixed,55,36045,0.0,0.0,2383.0,648.0
mixed,55,36071,0.0,648.0,1310.0,572.0
mixed,55,36235,1310.0,648.0,540.0,568.0
mixed,55,35897,1850.0,648.0,488.0,570.0
mixed,56,36133,0.0,0.0,462.0,641.0
mixed,56,35702,462.0,0.0,297.0,641.0
mixed,56,36261,759.0,0.0,331.0,628.0
mixed,56,36169,1090.0,0.0,512.0,609.0
mixed,56,35750,1602.0,0.0,380.0,608.0
mixed,56,36132,1982.0,0.0,380.0,608.0
mixed,56,35860,0.0,641.0,2098.0,568.0
mixed,57,35670,0.0,0.0,413.0,604.0
mixed,57,35873,413.0,0.0,410.0,455.0
mixed,57,36099,823.0,0.0,401.5,460.0
mixed,57,35863,0.0,604.0,2398.0,598.0
mixed,58,35580,0.0,0.0,2395.0,598.0
mixed,58,35953,0.0,599.0,2298.0,598.0
mixed,58,36023,2298.0,599.0,58.0,599.0
mixed,59,35563,0.0,0.0,1312.0,598.0
mixed,59,36210,1312.0,0.0,464.0,598.0
mixed,59,36268,1776.0,0.0,351.5,599.0
mixed,59,36278,2127.5,0.0,130.0,591.0
mixed,59,35581,0.0,599.0,214.5,587.0
mixed,59,35715,214.5,599.0,400.0,577.0
mixed,59,36234,614.5,599.0,400.0,577.0
mixed,59,35910,1014.5,599.0,400.0,578.0
mixed,59,35810,1414.5,599.0,383.0,577.0
mixed,59,36012,1797.5,599.0,381.0,577.0
mixed,60,35866,0.0,0.0,498.0,580.0
mixed,60,36225,498.0,0.0,483.0,578.0
mixed,60,35782,981.0,0.0,447.0,577.0
mixed,60,35964,1428.0,0.0,440.5,575.0
mixed,60,35742,1868.5,0.0,426.0,577.0
mixed,60,36125,2294.5,0.0,130.0,575.0
mixed,60,36151,0.0,581.0,2358.0,578.0
mixed,60,36058,2358.0,581.0,58.0,577.0
mixed,60,36070,0.0,1162.0,2398.0,58.0
mixed,61,36061,0.0,0.0,1398.0,576.0
mixed,61,36143,1398.0,0.0,508.0,578.0
mixed,61,36259,1906.0,0.0,508.0,578.0
mixed,61,36142,0.0,581.0,2098.0,578.0
mixed,61,36067,2098.0,581.0,297.0,581.0
mixed,61,36001,0.0,1162.0,2332.0,58.0
mixed,62,35987,0.0,0.0,2393.0,578.0
mixed,62,35711,0.0,581.0,2353.0,580.0
mixed,62,35856,0.0,1162.0,2158.0,58.0
mixed,63,36286,0.0,0.0,1758.0,578.0
mixed,63,35582,1758.0,0.0,528.0,580.0
mixed,63,35807,0.0,581.0,1981.0,558.0
mixed,63,36289,1981.0,581.0,459.0,559.0
mixed,63,36050,0.0,1144.0,1698.0,68.0
mixed,64,35593,0.0,0.0,1488.0,558.0
mixed,64,35958,1488.0,0.0,548.0,560.0
mixed,64,35754,2036.0,0.0,403.5,557.0
mixed,64,35940,0.0,563.0,2073.0,560.0
mixed,64,36288,2073.0,563.0,365.0,563.0
mixed,64,36057,0.0,1126.0,1900.0,58.0
mixed,65,36120,0.0,0.0,2236.0,557.0
mixed,65,35695,2236.0,0.0,98.1,560.0
mixed,65,35850,2334.1,0.0,78.0,562.0
mixed,65,35770,0.0,563.0,448.0,558.0
mixed,65,35646,448.0,563.0,445.0,560.0
mixed,65,35799,893.0,563.0,390.0,556.0
mixed,65,35704,1283.0,563.0,381.0,556.0
mixed,65,36013,1664.0,563.0,381.0,556.0
mixed,65,36198,2045.0,563.0,361.0,562.0
mixed,65,36066,0.0,1126.0,1772.0,58.0
mixed,66,35730,0.0,0.0,502.0,560.0
mixed,66,35959,502.0,0.0,502.0,560.0
mixed,66,35847,1004.0,0.0,466.0,556.0
mixed,66,36185,1470.0,0.0,464.5,559.0
mixed,66,35749,1934.5,0.0,455.0,558.0
mixed,66,36119,0.0,563.0,360.0,557.0
mixed,66,35740,360.0,563.0,301.0,560.0
mixed,66,35818,661.0,563.0,301.0,560.0
mixed,66,36072,962.0,563.0,193.0,534.0
mixed,66,35820,1155.0,563.0,158.0,540.0
mixed,66,36219,1313.0,563.0,130.0,526.5
mixed,66,35792,1443.0,563.0,52.5,542.5
mixed,66,36272,1495.5,563.0,286.0,502.0
mixed,66,36028,1781.5,563.0,279.0,492.0
mixed,66,36161,2060.5,563.0,118.0,498.0
mixed,66,36025,2178.5,563.0,58.0,500.0
mixed,66,36117,2236.5,563.0,58.0,502.0
mixed,66,36221,0.0,1126.0,1718.0,58.0
mixed,67,36111,0.0,0.0,1562.0,539.0
mixed,67,35950,1562.0,0.0,498.5,540.0
mixed,67,35937,2060.5,0.0,379.0,538.0
mixed,67,35759,0.0,552.0,416.5,530.0
mixed,67,36083,416.5,552.0,414.0,548.0
mixed,67,35947,830.5,552.0,396.0,536.0
mixed,67,35862,1226.5,552.0,363.0,548.0
mixed,67,35636,1589.5,552.0,295.0,542.5
mixed,67,35874,1884.5,552.0,278.0,538.5
mixed,67,35682,2162.5,552.0,272.0,545.0
mixed,67,35925,0.0,1104.0,1901.0,108.6
mixed,68,36293,0.0,0.0,1651.0,530.0
mixed,68,35784,1651.0,0.0,504.5,535.0
mixed,68,35686,2155.5,0.0,278.0,538.5
mixed,68,35632,0.0,552.0,2373.0,550.0
mixed,68,36313,2373.0,552.0,58.0,552.0
mixed,68,35990,0.0,1104.0,1537.0,57.0
mixed,68,36178,0.0,1162.0,1382.0,58.0
mixed,69,35778,0.0,0.0,1968.0,540.0
mixed,69,35796,1968.0,0.0,460.0,547.0
mixed,69,36108,0.0,552.0,2231.0,538.5
mixed,69,36054,2231.0,552.0,193.0,534.0
mixed,69,35606,0.0,1104.0,1252.0,58.0
mixed,69,35617,0.0,1162.0,1252.0,58.0
mixed,70,35791,0.0,0.0,1598.0,548.0
mixed,70,35678,1598.0,0.0,498.5,540.0
mixed,70,36082,2096.5,0.0,321.0,532.0
mixed,70,36040,0.0,552.0,498.5,540.0
mixed,70,35568,498.5,552.0,494.0,549.0
mixed,70,35840,992.5,552.0,478.0,538.0
mixed,70,35793,1470.5,552.0,447.5,534.5
mixed,70,36188,1918.0,552.0,417.5,549.0
mixed,70,35645,2335.5,552.0,78.0,542.0
mixed,70,35654,0.0,1104.0,2378.0,53.0
mixed,70,36034,0.0,1157.0,2398.0,38.0
mixed,71,36150,0.0,0.0,2331.0,528.0
mixed,71,36122,2331.0,0.0,78.0,542.0
mixed,71,35883,0.0,552.0,1598.0,498.0
mixed,71,36165,1598.0,552.0,498.0,511.0
mixed,71,36055,2096.0,552.0,330.0,498.5
mixed,71,36138,0.0,1063.0,2386.0,38.0
mixed,71,35637,0.0,1101.0,2198.0,38.0
mixed,71,35895,0.0,1139.0,2063.0,38.0
mixed,71,35603,0.0,1177.0,2038.0,38.0
mixed,72,35598,0.0,0.0,1955.0,498.5
mixed,72,35595,1955.0,0.0,468.0,495.0
mixed,72,35785,0.0,511.0,2001.0,502.0
mixed,72,35608,2001.0,511.0,421.0,510.0
mixed,72,36223,0.0,1022.0,1949.0,38.0
mixed,72,35659,0.0,1060.0,1928.0,38.0
mixed,72,36016,0.0,1098.0,1808.0,38.0
mixed,72,36275,0.0,1136.0,1758.0,38.0
mixed,72,35628,0.0,1174.0,1288.0,38.0
mixed,73,36215,0.0,0.0,1955.0,498.5
mixed,73,36092,1955.0,0.0,459.7,507.0
mixed,73,36159,0.0,511.0,2284.0,494.0
mixed,73,35985,2284.0,511.0,118.0,498.0
mixed,74,35797,0.0,0.0,2393.0,508.0
mixed,74,36297,0.0,511.0,494.0,498.5
mixed,74,35828,494.0,511.0,494.0,509.5
mixed,74,36004,988.0,511.0,449.5,498.0
mixed,74,36274,1437.5,511.0,446.0,501.5
mixed,74,35726,1883.5,511.0,445.0,501.5
mixed,74,35942,2328.5,511.0,58.0,492.0
mixed,75,36206,0.0,0.0,421.0,510.0
mixed,75,35944,421.0,0.0,420.0,501.5
mixed,75,35943,841.0,0.0,415.0,504.5
mixed,75,35956,1256.0,0.0,415.0,504.5
mixed,75,36046,1671.0,0.0,415.0,504.5
mixed,75,36230,2086.0,0.0,298.0,511.0
mixed,75,36126,0.0,511.0,394.0,502.0
mixed,75,35765,394.0,511.0,380.0,495.0
mixed,75,35719,774.0,511.0,375.0,502.0
mixed,75,35843,1149.0,511.0,365.0,501.5
mixed,75,35586,1514.0,511.0,295.0,506.5
mixed,75,35829,1809.0,511.0,289.0,496.0
mixed,75,35621,2098.0,511.0,286.0,502.0
mixed,76,35640,0.0,0.0,2364.0,480.0
mixed,76,36084,2364.0,0.0,52.5,485.0
mixed,76,36091,0.0,489.0,2364.0,480.0
mixed,76,35734,2364.0,489.0,48.0,484.0
mixed,76,35941,0.0,978.0,227.5,241.0
mixed,77,35760,0.0,0.0,354.0,489.0
mixed,77,35630,354.0,0.0,340.0,489.0
mixed,77,35763,694.0,0.0,340.0,489.0
mixed,77,36087,1034.0,0.0,340.0,489.0
mixed,77,36008,1374.0,0.0,326.0,489.0
mixed,77,35660,1700.0,0.0,321.0,489.0
mixed,77,35938,2021.0,0.0,264.0,489.0
mixed,77,35584,2285.0,0.0,118.0,488.0
mixed,77,35700,0.0,489.0,241.0,482.5
mixed,77,36207,241.0,489.0,238.0,488.0
mixed,77,35849,479.0,489.0,198.0,488.0
mixed,77,36051,677.0,489.0,198.0,488.0
mixed,77,36277,875.0,489.0,198.0,488.0
mixed,77,36002,1073.0,489.0,158.0,488.0
mixed,77,35812,1231.0,489.0,118.0,488.0
mixed,77,35826,1349.0,489.0,118.0,488.0
mixed,77,35930,1467.0,489.0,118.0,488.0
mixed,77,36037,1585.0,489.0,81.0,478.0
mixed,78,35703,0.0,0.0,2274.0,455.0
mixed,78,36021,2274.0,0.0,148.5,459.0
mixed,78,35634,0.0,467.5,1632.0,457.0
mixed,78,35831,1632.0,467.5,451.0,459.0
mixed,78,36199,2083.0,467.5,253.0,462.0
mixed,78,35814,2336.0,467.5,52.5,461.5
mixed,78,35693,0.0,935.0,48.0,282.5
mixed,78,35871,48.0,935.0,1760.0,278.0
mixed,79,36192,0.0,0.0,1632.0,457.0
mixed,79,36241,1632.0,0.0,439.0,464.5
mixed,79,36136,2071.0,0.0,201.0,467.5
mixed,79,35599,2272.0,0.0,52.5,463.5
mixed,79,36303,0.0,467.5,2261.0,466.0
mixed,79,36279,0.0,935.0,1928.0,280.0
mixed,80,36094,0.0,0.0,2068.5,438.0
mixed,80,36290,2068.5,0.0,365.0,437.5
mixed,80,36172,0.0,448.0,2309.0,439.0
mixed,80,35576,2309.0,448.0,118.0,438.0
mixed,80,36197,0.0,896.0,2308.0,310.0
mixed,80,36113,2308.0,896.0,58.0,311.0
mixed,80,35743,2366.0,896.0,58.0,312.0
mixed,81,36177,0.0,0.0,2068.5,438.5
mixed,81,35939,2068.5,0.0,357.0,439.0
mixed,81,35655,0.0,448.0,402.5,439.0
mixed,81,36064,402.5,448.0,398.0,448.0
mixed,81,36042,800.5,448.0,339.0,446.0
mixed,81,35647,1139.5,448.0,205.0,443.0
mixed,81,36137,1344.5,448.0,201.0,447.0
mixed,81,36203,1545.5,448.0,201.0,447.0
mixed,81,35998,1746.5,448.0,198.0,438.0
mixed,81,36170,1944.5,448.0,198.0,438.0
mixed,81,36187,2142.5,448.0,198.0,438.0
mixed,81,35965,2340.5,448.0,78.0,438.0
mixed,81,35761,0.0,896.0,2271.0,312.0
mixed,82,35986,0.0,0.0,1584.5,435.0
mixed,82,35574,0.0,435.0,1548.0,432.0
mixed,82,36208,1548.0,435.0,388.0,427.0
mixed,82,35685,1936.0,435.0,251.0,425.0
mixed,82,36183,2187.0,435.0,142.0,429.0
mixed,82,36018,2329.0,435.0,58.0,426.0
mixed,82,35875,2387.0,435.0,52.5,425.0
mixed,82,35627,0.0,867.0,2429.0,348.0
mixed,83,35821,0.0,0.0,2060.5,429.0
mixed,83,35764,2060.5,0.0,378.0,423.0
mixed,83,36174,0.0,432.0,1902.5,430.0
mixed,83,36098,1902.5,432.0,402.0,429.0
mixed,83,35945,2304.5,432.0,132.5,425.0
mixed,83,36063,0.0,864.0,2309.0,348.0
mixed,84,35662,0.0,0.0,2109.0,420.0
mixed,84,35639,2109.0,0.0,327.0,422.0
mixed,84,36224,0.0,432.0,2371.5,424.0
mixed,84,35602,2371.5,432.0,58.0,426.0
mixed,84,35657,0.0,864.0,1242.0,348.0
mixed,84,35619,1242.0,864.0,298.0,348.0
mixed,84,35926,1540.0,864.0,212.0,349.0
mixed,84,36062,1752.0,864.0,172.5,346.0
mixed,85,36173,0.0,0.0,2362.0,424.5
mixed,85,35674,2362.0,0.0,58.0,426.0
mixed,85,36141,0.0,432.0,1994.0,430.0
mixed,85,35960,1994.0,432.0,402.0,429.0
mixed,85,36239,0.0,864.0,2244.0,343.5
mixed,85,35588,2244.0,864.0,178.0,342.0
mixed,86,36041,0.0,0.0,1712.0,429.0
mixed,86,36115,1712.0,0.0,388.0,427.0
mixed,86,35869,2100.0,0.0,289.0,426.0
mixed,86,35673,0.0,432.0,2318.0,420.0
mixed,86,35951,2318.0,432.0,58.0,432.0
mixed,86,35900,0.0,864.0,2198.0,343.0
mixed,86,36175,2198.0,864.0,132.5,343.0
mixed,87,36166,0.0,0.0,1901.0,429.0
mixed,87,35911,1901.0,0.0,398.0,420.5
mixed,87,35664,0.0,432.0,1392.0,425.0
mixed,87,35976,0.0,864.0,1590.0,342.0
mixed,87,35688,1590.0,864.0,298.0,343.0
mixed,88,36065,0.0,0.0,1797.0,412.5
mixed,88,36106,1797.0,0.0,358.0,410.0
mixed,88,35680,2155.0,0.0,279.0,412.0
mixed,88,35966,0.0,416.5,1901.0,412.0
mixed,88,36003,1901.0,416.5,377.0,410.0
mixed,88,36292,2278.0,416.5,58.0,410.0
mixed,88,35877,2336.0,416.5,58.0,413.0
mixed,88,35712,2394.0,416.5,38.0,409.0
mixed,88,35573,0.0,833.0,2048.0,380.0
mixed,88,35954,2048.0,833.0,339.0,379.0
mixed,89,35805,0.0,0.0,2298.0,415.0
mixed,89,35696,2298.0,0.0,58.0,410.0
mixed,89,36144,2356.0,0.0,58.0,410.0
mixed,89,36213,0.0,416.5,1264.5,412.0
mixed,89,36103,1264.5,416.5,260.0,411.0
mixed,89,35661,1524.5,416.5,187.5,416.0
mixed,89,35556,1712.0,416.5,178.0,414.0
mixed,89,36281,1890.0,416.5,178.0,414.0
mixed,89,35902,0.0,833.0,279.0,383.0
mixed,89,35816,279.0,833.0,1812.0,375.0
mixed,90,35802,0.0,0.0,1994.0,406.5
mixed,90,36302,1994.0,0.0,400.0,406.0
mixed,90,35879,0.0,406.5,339.0,404.0
mixed,90,36180,339.0,406.5,339.0,404.0
mixed,90,36077,678.0,406.5,178.0,402.0
mixed,90,35594,856.0,406.5,132.5,403.0
mixed,90,35732,988.5,406.5,132.5,403.0
mixed,90,35854,1121.0,406.5,58.0,400.0
mixed,90,36191,1179.0,406.5,58.0,403.5
mixed,90,36237,1237.0,406.5,48.0,403.0
mixed,90,35671,0.0,813.0,1812.0,375.0
mixed,90,36267,1812.0,813.0,339.0,370.0
mixed,90,36015,2151.0,813.0,58.0,369.0
mixed,90,35611,2209.0,813.0,38.0,368.0
mixed,91,35971,0.0,0.0,2231.0,297.0
mixed,91,36307,2231.0,0.0,168.0,298.0
mixed,91,35819,0.0,298.0,2368.0,298.0
mixed,91,36107,0.0,596.0,2328.0,298.0
mixed,91,36254,0.0,894.0,1381.0,298.0
mixed,92,35656,0.0,0.0,198.0,288.0
mixed,92,36017,198.0,0.0,198.0,288.0
mixed,92,35813,396.0,0.0,158.0,288.0
mixed,92,36200,554.0,0.0,158.0,288.0
mixed,92,36244,712.0,0.0,158.0,288.0
mixed,92,35728,870.0,0.0,118.0,288.0
mixed,92,36076,988.0,0.0,118.0,288.0
mixed,92,36283,1106.0,0.0,118.0,288.0
mixed,92,35934,1224.0,0.0,78.0,288.0
mixed,92,35760,0.0,288.0,354.0,489.0
mixed,92,36166,0.0,777.0,1901.0,429.0
